Name,Full name,Description,Location,Coordinates,URL,Version,DNSSEC validation,No logs,Namecoin,Resolver address,Provider name,Provider public key,Provider public key TXT record
<<<<<<< HEAD
adamas,Adamas.ai DNSCrypt,DNSCrypt Server in LUX provided by adamas.ai,Luxembourg,,http.//adamas.ai,1,no,yes,no,80.90.43.162:5678,2.dnscrypt-cert.adamas.ai,6484:544A:4B91:F23A:E8AD:2AA3:6661:C419:D09B:C88D:B1AF:C314:E59D:2C36:0F81:FB99,
cisco,Cisco OpenDNS,Remove your DNS blind spot,Anycast,,https://www.opendns.com,1,no,no,no,208.67.220.220:443,2.dnscrypt-cert.opendns.com,B735:1140:206F:225D:3E2B:D822:D7FD:691E:A1C3:3CC8:D666:8D0C:BE04:BFAB:CA43:FB79,
cisco-familyshield,Cisco OpenDNS with FamilyShield,Blocks web sites not suitable for children,Anycast,,https://www.opendns.com/home-internet-security/parental-controls/,1,no,no,no,208.67.220.123:443,2.dnscrypt-cert.opendns.com,B735:1140:206F:225D:3E2B:D822:D7FD:691E:A1C3:3CC8:D666:8D0C:BE04:BFAB:CA43:FB79,
cisco-ipv6,Cisco OpenDNS over IPv6,Cisco OpenDNS IPv6 sandbox,Anycast,,https://www.opendns.com/about/innovations/ipv6/,1,no,no,no,[2620:0:ccc::2]:443,2.dnscrypt-cert.opendns.com,B735:1140:206F:225D:3E2B:D822:D7FD:691E:A1C3:3CC8:D666:8D0C:BE04:BFAB:CA43:FB79,
cisco-port53,Cisco OpenDNS backward compatibility port 53,Remove your DNS blind spot,Anycast,,https://www.opendns.com,1,no,no,no,208.67.220.220:53,2.dnscrypt-cert.opendns.com,B735:1140:206F:225D:3E2B:D822:D7FD:691E:A1C3:3CC8:D666:8D0C:BE04:BFAB:CA43:FB79,
cloudns-can,CloudNS Canberra,CloudNS is an Australian based security focused DNS provider.,"Canberra, AU",,https://cloudns.com.au,1,yes,yes,yes,113.20.6.2:443,2.dnscrypt-cert.cloudns.com.au,1971:7C1A:C550:6C09:F09B:ACB1:1AF7:C349:6425:2676:247F:B738:1C5A:243A:C1CC:89F4,
cloudns-syd,CloudNS Sydney,CloudNS is an Australian based security focused DNS provider.,"Sydney, AU",,https://cloudns.com.au,1,yes,yes,yes,113.20.8.17:443,2.dnscrypt-cert-2.cloudns.com.au,67A4:323E:581F:79B9:BC54:825F:54FE:1025:8B4F:37EB:0D07:0BCE:4010:6195:D94F:E330,
d0wn-fr-ns1,First d0wn server in France,Server provided by Martin 'd0wn' Albus,France,,https://dns.d0wn.biz,1,no,yes,yes,178.32.122.65:54,2.dnscrypt-cert.d0wn.biz,9970:E22D:7F6C:967F:8AED:CEEB:FBC1:94B9:AF54:376E:2BF7:39F1:F466:CBC9:AFDB:2A62,
d0wn-fr-ns2,Second d0wn server in France,Server provided by Martin 'd0wn' Albus,France,,https://dns.d0wn.biz,1,no,yes,yes,37.187.0.40:27015,2.dnscrypt-cert.d0wn.biz,9970:E22D:7F6C:967F:8AED:CEEB:FBC1:94B9:AF54:376E:2BF7:39F1:F466:CBC9:AFDB:2A62,
d0wn-md-ns1,First d0wn server in Moldova,Server provided by Martin 'd0wn' Albus,Moldova,,https://dns.d0wn.biz,1,no,yes,yes,178.17.170.67:54,2.dnscrypt-cert.d0wn.biz,9970:E22D:7F6C:967F:8AED:CEEB:FBC1:94B9:AF54:376E:2BF7:39F1:F466:CBC9:AFDB:2A62,
d0wn-nl-ns1,First d0wn server in Netherlands,Server provided by Martin 'd0wn' Albus,Netherlands,,https://dns.d0wn.biz,1,no,yes,yes,95.85.9.86:54,2.dnscrypt-cert.d0wn.biz,9970:E22D:7F6C:967F:8AED:CEEB:FBC1:94B9:AF54:376E:2BF7:39F1:F466:CBC9:AFDB:2A62,
d0wn-sa-ns1,d0wn server in Saudi Arabia,Server provided by Martin 'd0wn' Albus,Saudi Arabia,,https://dns.d0wn.biz,1,no,yes,yes,46.151.208.154:54,2.dnscrypt-cert.d0wn.biz,9970:E22D:7F6C:967F:8AED:CEEB:FBC1:94B9:AF54:376E:2BF7:39F1:F466:CBC9:AFDB:2A62,
d0wn-sg-ns1,d0wn server in Singapore,Server provided by Martin 'd0wn' Albus,Singapore,,https://dns.d0wn.biz,1,no,yes,yes,128.199.248.105:54,2.dnscrypt-cert.d0wn.biz,9970:E22D:7F6C:967F:8AED:CEEB:FBC1:94B9:AF54:376E:2BF7:39F1:F466:CBC9:AFDB:2A62,
dnscrypt.eu-dk,DNSCrypt.eu Denmark,"Free, non-logged, uncensored. Hosted by Netgroup.",Denmark,,https://dnscrypt.eu,1,yes,yes,no,77.66.84.233:443,2.dnscrypt-cert.resolver2.dnscrypt.eu,3748:5585:E3B9:D088:FD25:AD36:B037:01F5:520C:D648:9E9A:DD52:1457:4955:9F0A:9955,pubkey.resolver2.dnscrypt.eu
dnscrypt.eu-dk-ipv6,DNSCrypt.eu Denmark over IPv6,"Free, non-logged, uncensored. Hosted by Netgroup.",Denmark,,https://dnscrypt.eu,1,yes,yes,no,[2001:1448:243::dc2]:443,2.dnscrypt-cert.resolver2.dnscrypt.eu,3748:5585:E3B9:D088:FD25:AD36:B037:01F5:520C:D648:9E9A:DD52:1457:4955:9F0A:9955,pubkey.resolver2.dnscrypt.eu
dnscrypt.eu-dk-port5353,DNSCrypt.eu Denmark (port 5353),"Free, non-logged, uncensored. Hosted by Netgroup.",Denmark,,https://dnscrypt.eu,1,yes,yes,no,77.66.84.233:5353,2.dnscrypt-cert.resolver2.dnscrypt.eu,3748:5585:E3B9:D088:FD25:AD36:B037:01F5:520C:D648:9E9A:DD52:1457:4955:9F0A:9955,pubkey.resolver2.dnscrypt.eu
dnscrypt.eu-nl,DNSCrypt.eu Holland,"Free, non-logged, uncensored. Hosted by RamNode.",Netherlands,,https://dnscrypt.eu,1,yes,yes,no,176.56.237.171:443,2.dnscrypt-cert.resolver1.dnscrypt.eu,67C0:0F2C:21C5:5481:45DD:7CB4:6A27:1AF2:EB96:9931:40A3:09B6:2B8D:1653:1185:9C66,pubkey.resolver1.dnscrypt.eu
dnscrypt.eu-nl-ipv6,DNSCrypt.eu Holland over IPv6,"Free, non-logged, uncensored. Hosted by RamNode.",Netherlands,,https://dnscrypt.eu,1,yes,yes,no,[2a00:d880:3:1::a6c1:2e89]:443,2.dnscrypt-cert.resolver1.dnscrypt.eu,67C0:0F2C:21C5:5481:45DD:7CB4:6A27:1AF2:EB96:9931:40A3:09B6:2B8D:1653:1185:9C66,pubkey.resolver1.dnscrypt.eu
dnscrypt.eu-nl-port5353,DNSCrypt.eu Holland (port 5353),"Free, non-logged, uncensored. Hosted by RamNode.",Netherlands,,https://dnscrypt.eu,1,yes,yes,no,176.56.237.171:5353,2.dnscrypt-cert.resolver1.dnscrypt.eu,67C0:0F2C:21C5:5481:45DD:7CB4:6A27:1AF2:EB96:9931:40A3:09B6:2B8D:1653:1185:9C66,pubkey.resolver1.dnscrypt.eu
dnscrypt.org-fr,"DNSCrypt server in France","DNSSEC/Namecoin/Non-logged/Uncensored - ARM server donated by Scaleway.com","Paris, France",,,1,yes,yes,yes,212.47.228.136,2.dnscrypt-cert.fr.dnscrypt.org,E801:B84E:A606:BFB0:BAC0:CE43:445B:B15E:BA64:B02F:A3C4:AA31:AE10:636A:0790:324D,pubkey.fr.dnscrypt.org
ipredator,Ipredator.se Server,Public DNSCrypt server in Sweden provided by Ipredator.se,Sweden,,https://www.ipredator.se,1,no,yes,no,194.132.32.32:443,2.dnscrypt-cert.ipredator.se,C44C:566A:A8D6:46C4:32B1:04F5:3D00:961B:32DC:71CF:1C04:BD9E:B013:E480:E7A4:7828,pubkey.resolver2.ipredator.se
nawala,Nawala,"Server in Indonesia, filtering questionable content",Indonesia,,http://www.nawala.id,1,no,no,no,180.131.144.144:443,2.dnscrypt-cert.nawala.org,D421:E4B0:496A:28D7:8DB5:4CF2:18EA:931D:3D78:A5B9:9602:A612:AD2B:95C9:EE6E:6004,
okturtles,okTurtles,For a surveillance-free world. HTTPS is broken. DNSChain fixes it.,"Georgia, US","33.032501, -83.895699",http://okturtles.com/,1,no,yes,yes,23.226.227.93:443,2.dnscrypt-cert.okturtles.com,1D85:3953:E34F:AFD0:05F9:4C6F:D1CC:E635:D411:9904:0D48:D19A:5D35:0B6A:7C81:73CB,
opennic-fvz-rec-au-nsw-01,"OpenNIC fvz-rec-au-nsw-01 in Sydney, Australia","Fusl's public OpenNIC Tier2 DNS Resolver in Sydney, Australia","Sydney, Australia",,http://meo.ws/dnsrec.php,1,no,yes,yes,163.47.20.30,2.fvz-rec-au-nsw-01.dnscrypt-cert.meo.ws,8DBC:4DF7:3850:9645:16B7:C8D7:4A93:8796:5E8B:D881:7A02:59FB:FE29:73D6:EE5B:BC58,
opennic-fvz-rec-au-sa-01,"OpenNIC fvz-rec-au-sa-01 in Adelaide, Australia","Fusl's public OpenNIC Tier2 DNS Resolver in Adelaide, Australia","Adelaide, Australia",,http://meo.ws/dnsrec.php,1,no,yes,yes,103.25.56.238,2.fvz-rec-au-sa-01.dnscrypt-cert.meo.ws,200C:CB86:169D:57B4:D7D1:2D36:37A8:BF86:720C:DBEF:7F7F:8146:FFCD:CC00:385D:1F37,
opennic-fvz-rec-au-vic-01,"OpenNIC fvz-rec-au-vic-01 in Melbourne, Australia","Fusl's public OpenNIC Tier2 DNS Resolver in Melbourne, Australia","Melbourne, Australia",,http://meo.ws/dnsrec.php,1,no,yes,yes,111.223.227.125,2.fvz-rec-au-vic-01.dnscrypt-cert.meo.ws,2CB6:7A7A:8CA5:FB21:3821:A49B:58F8:2ED1:5B77:7439:1D63:399E:66C6:F971:B9C4:78D2,
opennic-fvz-rec-au-wa-01,"OpenNIC fvz-rec-au-wa-01 in Perth, Australia","Fusl's public OpenNIC Tier2 DNS Resolver in Perth, Australia","Perth, Australia",,http://meo.ws/dnsrec.php,1,no,yes,yes,103.241.0.207,2.fvz-rec-au-wa-01.dnscrypt-cert.meo.ws,9F8B:5318:2261:3A0B:4442:AE99:D3AF:8A4F:D6C6:5807:C5D8:EBD3:70A9:FF9E:BAE8:20FD,
opennic-fvz-rec-be-vwv-01,"OpenNIC fvz-rec-be-vwv-01 in Oostkamp, Belgium","Fusl's public OpenNIC Tier2 DNS Resolver in Oostkamp, Belgium","Oostkamp, Belgium",,http://meo.ws/dnsrec.php,1,no,yes,yes,192.71.249.249,2.fvz-rec-be-vwv-01.dnscrypt-cert.meo.ws,26B5:70B0:0699:F86D:524D:706D:AE2B:4873:4309:E5C2:E937:23A2:8D76:F4F0:433A:7DB5,
opennic-fvz-rec-ca-on-01,"OpenNIC fvz-rec-ca-on-01 in Toronto, Canada","Fusl's public OpenNIC Tier2 DNS Resolver in Toronto, Canada","Toronto, Canada",,http://meo.ws/dnsrec.php,1,no,yes,yes,69.28.67.83,2.fvz-rec-ca-on-01.dnscrypt-cert.meo.ws,8EE0:828C:9F1C:DEB7:6ECB:E4FE:A219:F34A:0B1C:4E8E:CE86:BA63:F135:EE76:C27A:E394,
opennic-fvz-rec-ch-zu-01,"OpenNIC fvz-rec-ch-zu-01 in Zurich, Switzerland","Fusl's public OpenNIC Tier2 DNS Resolver in Zurich, Switzerland","Zurich, Switzerland",,http://meo.ws/dnsrec.php,1,no,yes,yes,192.121.170.170,2.fvz-rec-ch-zu-01.dnscrypt-cert.meo.ws,A5E8:95E4:A242:923C:470D:105B:80AD:F6AF:2951:A585:D893:0591:53D3:D1B9:8F27:FC53,
opennic-fvz-rec-de-sn-01,"OpenNIC fvz-rec-de-sn-01 in Falkenstein, Germany","Fusl's public OpenNIC Tier2 DNS Resolver in Falkenstein, Germany","Falkenstein, Germany",,http://meo.ws/dnsrec.php,1,no,yes,yes,78.47.34.12,2.fvz-rec-de-sn-01.dnscrypt-cert.meo.ws,BFD1:DBB1:25BF:96D0:A360:5292:C127:6B30:ED3E:03A3:E51F:FDD9:370A:1120:EC70:D0F1,
opennic-fvz-rec-fr-rbx-01,"OpenNIC fvz-rec-fr-rbx-01 in Roubaix, France","Fusl's public OpenNIC Tier2 DNS Resolver in Roubaix, France","Roubaix, France",,http://meo.ws/dnsrec.php,1,no,yes,yes,37.59.72.228,2.fvz-rec-fr-rbx-01.dnscrypt-cert.meo.ws,FAE0:FFB7:E30B:69D6:09FC:FAD3:7126:ECE9:1AA6:E390:1549:89A2:1045:7605:A09C:A0C8,
opennic-fvz-rec-ie-du-01,"OpenNIC fvz-rec-ie-du-01 in Dublin, Ireland","Fusl's public OpenNIC Tier2 DNS Resolver in Dublin, Ireland","Dublin, Ireland",,http://meo.ws/dnsrec.php,1,no,yes,yes,217.78.6.191,2.fvz-rec-ie-du-01.dnscrypt-cert.meo.ws,4BCA:0635:7D7A:777C:FE16:64E5:61D9:50DE:35D9:85F4:B14E:43DD:2D98:DCBC:69F3:6EAF,
opennic-fvz-rec-il-ta-01,"OpenNIC fvz-rec-il-ta-01 in Tel Aviv, Israel","Fusl's public OpenNIC Tier2 DNS Resolver in Tel Aviv, Israel","Tel Aviv, Israel",,http://meo.ws/dnsrec.php,1,no,yes,yes,193.182.144.144,2.fvz-rec-il-ta-01.dnscrypt-cert.meo.ws,D449:2F9E:B788:1940:18B7:AD4A:AFA6:BB90:3080:08A0:AC45:34A8:3E77:F9AE:3DC2:357F,
opennic-fvz-rec-im-dgl-01,"OpenNIC fvz-rec-im-dgl-01 in Douglas, Isle of Man","Fusl's public OpenNIC Tier2 DNS Resolver in Douglas, Isle of Man","Douglas, Isle of Man",,http://meo.ws/dnsrec.php,1,no,yes,yes,192.71.211.211,2.fvz-rec-im-dgl-01.dnscrypt-cert.meo.ws,8C67:31CA:9971:E934:ED55:56BF:5D63:E468:8997:E722:FF27:6D86:2D08:35F6:EA37:2292,
opennic-fvz-rec-is-hf-01,"OpenNIC fvz-rec-is-hf-01 in Hafnarfjordur, Iceland","Fusl's public OpenNIC Tier2 DNS Resolver in Hafnarfjordur, Iceland","Hafnarfjordur, Iceland",,http://meo.ws/dnsrec.php,1,no,yes,yes,192.71.218.218,2.fvz-rec-is-hf-01.dnscrypt-cert.meo.ws,EEE9:C4EA:1727:3DAE:C4C9:74CE:B4E3:F713:1BCA:C32A:8FF4:A672:818B:594A:3C7D:D1FB,
opennic-fvz-rec-jp-tk-01,"OpenNIC fvz-rec-jp-tk-01 in Tokyo, Japan","Fusl's public OpenNIC Tier2 DNS Resolver in Tokyo, Japan","Tokyo, Japan",,http://meo.ws/dnsrec.php,1,no,yes,yes,106.185.41.36,2.fvz-rec-jp-tk-01.dnscrypt-cert.meo.ws,A45D:3F4A:2F1E:1D22:47C2:2D75:0877:5735:724E:A144:607B:26B0:76DD:F990:CDD1:1411,
opennic-fvz-rec-li-ba-01,"OpenNIC fvz-rec-li-ba-01 in Balzers, Liechtenstein","Fusl's public OpenNIC Tier2 DNS Resolver in Balzers, Liechtenstein","Balzers, Liechtenstein",,http://meo.ws/dnsrec.php,1,no,yes,yes,88.82.109.9,2.fvz-rec-li-ba-01.dnscrypt-cert.meo.ws,97C1:5832:7B99:B023:B2D6:58AD:C60C:ADBA:294A:6D7B:82D0:1F40:5249:57C9:3F08:B9AD,
opennic-fvz-rec-nl-fl-01,"OpenNIC fvz-rec-nl-fl-01 in Dronten, Netherlands","Fusl's public OpenNIC Tier2 DNS Resolver in Dronten, Netherlands","Dronten, Netherlands",,http://meo.ws/dnsrec.php,1,no,yes,yes,31.220.43.191,2.fvz-rec-nl-fl-01.dnscrypt-cert.meo.ws,EAD5:E575:EBEB:D93C:8D30:48EE:3AE1:A66D:34D0:A4E7:712E:8758:115F:EC81:BCAE:6297,
opennic-fvz-rec-nz-auk-01,"OpenNIC fvz-rec-nz-auk-01 in Auckland, New Zealand","Fusl's public OpenNIC Tier2 DNS Resolver in Auckland, New Zealand","Auckland, New Zealand",,http://meo.ws/dnsrec.php,1,no,yes,yes,163.47.21.44,2.fvz-rec-nz-auk-01.dnscrypt-cert.meo.ws,74F2:57B9:AA90:5D56:B186:06C5:520E:CBB6:549F:609B:D87D:472D:10C7:46F6:571F:E76E,
opennic-fvz-rec-ru-mow-01,"OpenNIC fvz-rec-ru-mow-01 in Russia, Moscow","Fusl's public OpenNIC Tier2 DNS Resolver in Russia, Moscow","Russia, Moscow",,http://meo.ws/dnsrec.php,1,no,yes,yes,213.183.57.55,2.fvz-rec-ru-mow-01.dnscrypt-cert.meo.ws,3CDA:6127:8201:5CDF:E799:43B4:4E46:2A56:B789:522A:E493:32ED:9029:4114:D375:322D,
opennic-fvz-rec-se-ab-01,"OpenNIC fvz-rec-se-ab-01 in Stockholm, Sweden","Fusl's public OpenNIC Tier2 DNS Resolver in Stockholm, Sweden","Stockholm, Sweden",,http://meo.ws/dnsrec.php,1,no,yes,yes,31.220.5.106,2.fvz-rec-se-ab-01.dnscrypt-cert.meo.ws,3FFA:D9E4:AE6F:B96D:C0FC:AB0D:66C5:F329:B40E:533F:4B19:D24B:A4B8:90EC:6CF1:EFE4,
opennic-fvz-rec-sg-ea-01,"OpenNIC fvz-rec-sg-ea-01 in Chai Chee, Singapore","Fusl's public OpenNIC Tier2 DNS Resolver in Chai Chee, Singapore","Chai Chee, Singapore",,http://meo.ws/dnsrec.php,1,no,yes,yes,103.25.202.192,2.fvz-rec-sg-ea-01.dnscrypt-cert.meo.ws,3A0D:7AFE:97D6:A42C:5621:F5CD:0484:B1C9:0EC7:DD3E:807E:22D0:D9FC:CB9B:C9B1:97D1,
opennic-fvz-rec-us-ca-01,"OpenNIC fvz-rec-us-ca-01 in Fremont, USA","Fusl's public OpenNIC Tier2 DNS Resolver in Fremont, USA","Fremont, USA",,http://meo.ws/dnsrec.php,1,no,yes,yes,74.207.241.202,2.fvz-rec-us-ca-01.dnscrypt-cert.meo.ws,FAC6:3B37:8485:5E43:3CC3:8BBC:FA84:5DCB:8DF0:B683:3BB3:A116:126D:0C29:95CD:899F,
opennic-fvz-rec-us-ca-02,"OpenNIC fvz-rec-us-ca-02 in San Francisco, USA","Fusl's public OpenNIC Tier2 DNS Resolver in San Francisco, USA","San Francisco, USA",,http://meo.ws/dnsrec.php,1,no,yes,yes,104.245.33.185,2.fvz-rec-us-ca-02.dnscrypt-cert.meo.ws,9DF8:E6F0:2434:C1D2:A76D:578C:113D:26C8:8FAC:9CBB:8E22:86FF:D8A4:4317:467C:5469,
opennic-fvz-rec-us-fl-01,"OpenNIC fvz-rec-us-fl-01 in Orlando, USA","Fusl's public OpenNIC Tier2 DNS Resolver in Orlando, USA","Orlando, USA",,http://meo.ws/dnsrec.php,1,no,yes,yes,104.245.39.112,2.fvz-rec-us-fl-01.dnscrypt-cert.meo.ws,29A6:76E3:2447:7379:1E5A:D27B:80C3:FD92:C5D0:22EE:289E:4353:3BAB:AF86:3FC5:4672,
opennic-fvz-rec-us-tx-01,"OpenNIC fvz-rec-us-tx-01 in Dallas, USA","Fusl's public OpenNIC Tier2 DNS Resolver in Dallas, USA","Dallas, USA",,http://meo.ws/dnsrec.php,1,no,yes,yes,104.237.136.225,2.fvz-rec-us-tx-01.dnscrypt-cert.meo.ws,3AD3:9A08:6E1B:B3FD:8647:7D63:8DCE:68E0:AE98:A270:23D6:193D:CDE9:1198:F635:A34F,
opennic-fvz-rec-us-tx-02,"OpenNIC fvz-rec-us-tx-02 in Dallas, USA","Fusl's public OpenNIC Tier2 DNS Resolver in Dallas, USA","Dallas, USA",,http://meo.ws/dnsrec.php,1,no,yes,yes,104.219.55.89,2.fvz-rec-us-tx-02.dnscrypt-cert.meo.ws,7A41:1C32:21F6:0062:5EA3:8775:125D:5DA4:8FE3:1709:7919:D170:41C4:7E9A:DBB3:C7C3,
opennic-tumabox,TumaBox,Public DNS server operated by TumaBox.org,Germany,,http://wiki.tumabox.org/doku.php?id=dns,1,no,yes,no,130.255.73.90:5353,2.tumabox.org,D591:7B11:6A35:3114:C238:AA99:A6EB:0C28:7CF7:6805:41AC:5DBF:A8A0:239E:228C:5B06,
ovpnto-lat,"OpenNIC OVPN.to Latvia",by oVPN.to VPN and Proxy service,Latvia,,https://ovpn.to,1,no,yes,yes,185.61.148.144:5353,2.dnscrypt-cert.latvia.ovpn.to,426A:8A39:300B:6766:5B53:4C04:01D6:9B21:7C08:2B73:05C0:AB51:15D4:919A:2450:98B3,
ovpnto-ro,"OpenNIC OVPN.to Romania",by oVPN.to VPN and Proxy service,Romania,,https://ovpn.to,1,no,yes,yes,93.115.92.252:5353,2.dnscrypt-cert.opennic-dns-ro1.ovpn.to,C665:8FFD:3D64:FC86:DD2C:87D1:0DDA:6069:C0ED:2C71:5E8D:9705:2C21:C12F:8153:EC14,
ovpnto-se,"OpenNIC OVPN.to Sweden",by oVPN.to VPN and Proxy service,Sweden,,https://ovpn.to,1,no,yes,yes,95.215.46.195:5353,2.dnscrypt-cert.sweden.ovpn.to,1014:0662:B5D6:B65B:6F55:4367:A77C:A057:DA1A:CE6A:D9ED:1C1F:040E:80A5:895C:83F5,
soltysiak,Soltysiak,Public DNSCrypt server in Poland,Poland,"52.4014619, 16.9278078",http://dc1.soltysiak.com/,1,yes,yes,yes,178.216.201.222:2053,2.dnscrypt-cert.soltysiak.com,25C4:E188:2915:4697:8F9C:2BBD:B6A7:AFA4:01ED:A051:0508:5D53:03E7:1928:C066:8F21,pubkey.dc1.soltysiak.com
=======
adguard-dns-family-ns1,Adguard DNS Family Protection 1,Adguard DNS with safesearch and adult content blocking,Anycast,,https://adguard.com/en/adguard-dns/overview.html,1,no,yes,no,176.103.130.132:5443,2.dnscrypt.family.ns1.adguard.com,B831:5DD7:B14B:6EE3:20A4:70DC:2ED6:B1AA:398C:C9E5:86F8:5D45:45D6:B8C9:B500:5ABA,pk.family.ns1.adguard.com
adguard-dns-family-ns2,Adguard DNS Family Protection 2,Adguard DNS with safesearch and adult content blocking,Anycast,,https://adguard.com/en/adguard-dns/overview.html,1,no,yes,no,176.103.130.134:5443,2.dnscrypt.family.ns2.adguard.com,8C21:17A9:EBC1:57D6:FB64:056F:0ADB:C11C:5D83:6734:73C4:6E25:8D9B:2F57:D4EE:351F,pk.family.ns2.adguard.com
adguard-dns-ns1,Adguard DNS 1,Remove ads and protect your computer from malware,Anycast,,https://adguard.com/en/adguard-dns/overview.html,1,no,yes,no,176.103.130.130:5443,2.dnscrypt.default.ns1.adguard.com,D12B:47F2:52DC:F2C2:BBF8:9910:86EA:F79C:E449:5D8B:16C8:A0C4:322E:52CA:3F39:0873,pk.default.ns1.adguard.com
adguard-dns-ns2,Adguard DNS 2,Remove ads and protect your computer from malware,Anycast,,https://adguard.com/en/adguard-dns/overview.html,1,no,yes,no,176.103.130.131:5443,2.dnscrypt.default.ns2.adguard.com,81D0:02D3:6A4C:A50C:473B:7479:650F:E12E:02B3:21CB:6138:562A:208E:403D:FDC5:5E94,pk.default.ns2.adguard.com
cisco,Cisco OpenDNS,Remove your DNS blind spot,Anycast,,https://www.opendns.com,1,no,no,no,208.67.220.220,2.dnscrypt-cert.opendns.com,B735:1140:206F:225D:3E2B:D822:D7FD:691E:A1C3:3CC8:D666:8D0C:BE04:BFAB:CA43:FB79,
cisco-familyshield,Cisco OpenDNS with FamilyShield,Block websites not suitable for children,Anycast,,https://www.opendns.com/home-internet-security/parental-controls/,1,no,no,no,208.67.220.123,2.dnscrypt-cert.opendns.com,B735:1140:206F:225D:3E2B:D822:D7FD:691E:A1C3:3CC8:D666:8D0C:BE04:BFAB:CA43:FB79,
cisco-ipv6,Cisco OpenDNS over IPv6,Cisco OpenDNS IPv6 sandbox,Anycast,,https://www.opendns.com/about/innovations/ipv6/,1,no,no,no,[2620:0:ccc::2]:443,2.dnscrypt-cert.opendns.com,B735:1140:206F:225D:3E2B:D822:D7FD:691E:A1C3:3CC8:D666:8D0C:BE04:BFAB:CA43:FB79,
cs-fr,"CS France DNSCrypt server","provided by cryptostorm.is","Paris, France",,"https://cryptostorm.is",1,"no","yes","yes",212.129.46.86:443,2.dnscrypt-cert.cryptostorm.is,3133:72AD:5956:32C2:416B:872F:098F:851B:DDB9:6528:4C6C:BE9A:4F19:0964:30DB:A95A,
cs-fr2,"CS secondary France DNSCrypt server","provided by cryptostorm.is","Paris, France",,"https://cryptostorm.is",1,"no","yes","yes",212.129.46.32:443,2.dnscrypt-cert.cryptostorm.is,3133:72AD:5956:32C2:416B:872F:098F:851B:DDB9:6528:4C6C:BE9A:4F19:0964:30DB:A95A,
cs-cfi,"CS cryptofree France DNSCrypt server","provided by cryptostorm.is","Paris, France",,"https://cryptostorm.is",1,"no","yes","yes",212.83.175.31:443,2.dnscrypt-cert.cryptostorm.is,3133:72AD:5956:32C2:416B:872F:098F:851B:DDB9:6528:4C6C:BE9A:4F19:0964:30DB:A95A,
cs-cfii,"CS secondary cryptofree France DNSCrypt server","provided by cryptostorm.is","Paris, France",,"https://cryptostorm.is",1,"no","yes","yes",195.154.61.33:443,2.dnscrypt-cert.cryptostorm.is,3133:72AD:5956:32C2:416B:872F:098F:851B:DDB9:6528:4C6C:BE9A:4F19:0964:30DB:A95A,
cs-de,"CS Frankfurt, DE DNSCrypt server","provided by cryptostorm.is","Frankfurt, Germany",,"https://cryptostorm.is",1,"no","yes","yes",46.165.222.246:443,2.dnscrypt-cert.cryptostorm.is,3133:72AD:5956:32C2:416B:872F:098F:851B:DDB9:6528:4C6C:BE9A:4F19:0964:30DB:A95A,
cs-de2,"CS secondary Frankfurt, DE DNSCrypt server","provided by cryptostorm.is","Frankfurt, Germany",,"https://cryptostorm.is",1,"no","yes","yes",46.165.240.171:443,2.dnscrypt-cert.cryptostorm.is,3133:72AD:5956:32C2:416B:872F:098F:851B:DDB9:6528:4C6C:BE9A:4F19:0964:30DB:A95A,
cs-pt,"CS Portugal DNSCrypt server","provided by cryptostorm.is","Lisbon, Portugal",,"https://cryptostorm.is",1,"no","yes","yes",109.71.42.228:443,2.dnscrypt-cert.cryptostorm.is,3133:72AD:5956:32C2:416B:872F:098F:851B:DDB9:6528:4C6C:BE9A:4F19:0964:30DB:A95A,
cs-uk,"CS England DNSCrypt server","provided by cryptostorm.is","Rugby, England",,"https://cryptostorm.is",1,"no","yes","yes",5.101.137.251:443,2.dnscrypt-cert.cryptostorm.is,3133:72AD:5956:32C2:416B:872F:098F:851B:DDB9:6528:4C6C:BE9A:4F19:0964:30DB:A95A,
cs-ch,"CS Switzerland DNSCrypt server","provided by cryptostorm.is","Baar, Switzerland",,"https://cryptostorm.is",1,"no","yes","yes",185.60.147.77:443,2.dnscrypt-cert.cryptostorm.is,3133:72AD:5956:32C2:416B:872F:098F:851B:DDB9:6528:4C6C:BE9A:4F19:0964:30DB:A95A,
cs-ch2,"CS secondary Switzerland DNSCrypt server","provided by cryptostorm.is","Baar, Switzerland",,"https://cryptostorm.is",1,"no","yes","yes",176.10.104.49:443,2.dnscrypt-cert.cryptostorm.is,3133:72AD:5956:32C2:416B:872F:098F:851B:DDB9:6528:4C6C:BE9A:4F19:0964:30DB:A95A,
cs-cawest,"CS Canada west DNSCrypt server","provided by cryptostorm.is","Vancouver, CA",,"https://cryptostorm.is",1,"no","yes","yes",162.221.207.228:443,2.dnscrypt-cert.cryptostorm.is,3133:72AD:5956:32C2:416B:872F:098F:851B:DDB9:6528:4C6C:BE9A:4F19:0964:30DB:A95A,
cs-caeast,"CS Canada east DNSCrypt server","provided by cryptostorm.is","Montreal, CA",,"https://cryptostorm.is",1,"no","yes","yes",167.114.84.132:443,2.dnscrypt-cert.cryptostorm.is,3133:72AD:5956:32C2:416B:872F:098F:851B:DDB9:6528:4C6C:BE9A:4F19:0964:30DB:A95A,
cs-rome,"CS Italy DNSCrypt server","provided by cryptostorm.is","Rome, Italy",,"https://cryptostorm.is",1,"no","yes","yes",95.141.47.58:443,2.dnscrypt-cert.cryptostorm.is,3133:72AD:5956:32C2:416B:872F:098F:851B:DDB9:6528:4C6C:BE9A:4F19:0964:30DB:A95A,
cs-dk,"CS Denmark DNSCrypt server","provided by cryptostorm.is","Copenhagen, Denmark",,"https://cryptostorm.is",1,"no","yes","yes",82.103.131.172:443,2.dnscrypt-cert.cryptostorm.is,3133:72AD:5956:32C2:416B:872F:098F:851B:DDB9:6528:4C6C:BE9A:4F19:0964:30DB:A95A,
cs-ro,"CS Romania DNSCrypt server","provided by cryptostorm.is","Romania",,"https://cryptostorm.is",1,"no","yes","yes",5.254.96.195:443,2.dnscrypt-cert.cryptostorm.is,3133:72AD:5956:32C2:416B:872F:098F:851B:DDB9:6528:4C6C:BE9A:4F19:0964:30DB:A95A,
cs-lv,"CS Latvia DNSCrypt server","provided by cryptostorm.is","Riga, Latvia",,"https://cryptostorm.is",1,"no","yes","yes",80.233.134.52:443,2.dnscrypt-cert.cryptostorm.is,3133:72AD:5956:32C2:416B:872F:098F:851B:DDB9:6528:4C6C:BE9A:4F19:0964:30DB:A95A,
cs-ru,"CS Russia DNSCrypt server","provided by cryptostorm.is","Saint Petersburg, Russia",,"https://cryptostorm.is",1,"no","yes","yes",78.155.222.163:443,2.dnscrypt-cert.cryptostorm.is,3133:72AD:5956:32C2:416B:872F:098F:851B:DDB9:6528:4C6C:BE9A:4F19:0964:30DB:A95A,
cs-nl,"CS Netherlands DNSCrypt server","provided by cryptostorm.is","Rotterdam, Netherlands",,"https://cryptostorm.is",1,"no","yes","yes",213.163.64.208:443,2.dnscrypt-cert.cryptostorm.is,3133:72AD:5956:32C2:416B:872F:098F:851B:DDB9:6528:4C6C:BE9A:4F19:0964:30DB:A95A,
cs-es,"CS Spain DNSCrypt server","provided by cryptostorm.is","Valencia, Spain",,"https://cryptostorm.is",1,"no","yes","yes",185.140.114.51:443,2.dnscrypt-cert.cryptostorm.is,3133:72AD:5956:32C2:416B:872F:098F:851B:DDB9:6528:4C6C:BE9A:4F19:0964:30DB:A95A,
cs-md,"CS Moldova DNSCrypt server","provided by cryptostorm.is","Chisinau, Moldova",,"https://cryptostorm.is",1,"no","yes","yes",176.123.3.249:443,2.dnscrypt-cert.cryptostorm.is,3133:72AD:5956:32C2:416B:872F:098F:851B:DDB9:6528:4C6C:BE9A:4F19:0964:30DB:A95A,
cs-pl,"CS Poland DNSCrypt server","provided by cryptostorm.is","Warsaw, Poland",,"https://cryptostorm.is",1,"no","yes","yes",5.133.8.187:443,2.dnscrypt-cert.cryptostorm.is,3133:72AD:5956:32C2:416B:872F:098F:851B:DDB9:6528:4C6C:BE9A:4F19:0964:30DB:A95A,
cs-fi,"CS Finland DNSCrypt server","provided by cryptostorm.is","Helsinki, Finland",,"https://cryptostorm.is",1,"no","yes","yes",185.117.118.20:443,2.dnscrypt-cert.cryptostorm.is,3133:72AD:5956:32C2:416B:872F:098F:851B:DDB9:6528:4C6C:BE9A:4F19:0964:30DB:A95A,
cs-lt,"CS Lithuania DNSCrypt server","provided by cryptostorm.is","Vilnius, Lithuania",,"https://cryptostorm.is",1,"no","yes","yes",46.166.170.10:443,2.dnscrypt-cert.cryptostorm.is,3133:72AD:5956:32C2:416B:872F:098F:851B:DDB9:6528:4C6C:BE9A:4F19:0964:30DB:A95A,
cs-de3,"CS Dusseldorf, DE DNSCrypt server","provided by cryptostorm.is","Dusseldorf, Germany",,"https://cryptostorm.is",1,"no","yes","yes",89.163.214.174:443,2.dnscrypt-cert.cryptostorm.is,3133:72AD:5956:32C2:416B:872F:098F:851B:DDB9:6528:4C6C:BE9A:4F19:0964:30DB:A95A,
cs-uswest2,"CS Las Vegas NV US DNSCrypt server","provided by cryptostorm.is","Las Vegas, NV",,"https://cryptostorm.is",1,"no","yes","yes",104.238.194.235:443,2.dnscrypt-cert.cryptostorm.is,3133:72AD:5956:32C2:416B:872F:098F:851B:DDB9:6528:4C6C:BE9A:4F19:0964:30DB:A95A,
cs-uswest3,"CS secondary Las Vegas NV US DNSCrypt server","provided by cryptostorm.is","Las Vegas, NV",,"https://cryptostorm.is",1,"no","yes","yes",104.238.195.139:443,2.dnscrypt-cert.cryptostorm.is,3133:72AD:5956:32C2:416B:872F:098F:851B:DDB9:6528:4C6C:BE9A:4F19:0964:30DB:A95A,
cs-uswest4,"CS Phoenix AZ US DNSCrypt server","provided by cryptostorm.is","Phoenix, AZ",,"https://cryptostorm.is",1,"no","yes","yes",23.105.70.204:443,2.dnscrypt-cert.cryptostorm.is,3133:72AD:5956:32C2:416B:872F:098F:851B:DDB9:6528:4C6C:BE9A:4F19:0964:30DB:A95A,
cs-useast,"CS New York City NY US DNSCrypt server","provided by cryptostorm.is","Buffalo, NY",,"https://cryptostorm.is",1,"no","yes","yes",173.234.159.235:443,2.dnscrypt-cert.cryptostorm.is,3133:72AD:5956:32C2:416B:872F:098F:851B:DDB9:6528:4C6C:BE9A:4F19:0964:30DB:A95A,
cs-ussouth,"CS Dallas TX US DNSCrypt server","provided by cryptostorm.is","Dallas, TX",,"https://cryptostorm.is",1,"no","yes","yes",70.32.38.67:443,2.dnscrypt-cert.cryptostorm.is,3133:72AD:5956:32C2:416B:872F:098F:851B:DDB9:6528:4C6C:BE9A:4F19:0964:30DB:A95A,
cs-ussouth2,"CS Atlanta GA US DNSCrypt server","provided by cryptostorm.is","Atlanta, GA",,"https://cryptostorm.is",1,"no","yes","yes",108.62.19.131:443,2.dnscrypt-cert.cryptostorm.is,3133:72AD:5956:32C2:416B:872F:098F:851B:DDB9:6528:4C6C:BE9A:4F19:0964:30DB:A95A,
cs-usnorth,"CS Chicago IL US DNSCrypt server","provided by cryptostorm.is","Chicago, IL",,"https://cryptostorm.is",1,"no","yes","yes",173.234.56.115:443,2.dnscrypt-cert.cryptostorm.is,3133:72AD:5956:32C2:416B:872F:098F:851B:DDB9:6528:4C6C:BE9A:4F19:0964:30DB:A95A,
d0wn-au-ns1,D0wn Resolver Australia 01,Server provided by Martin 'd0wn' Albus,Australia,,https://dns.d0wn.biz,1,yes,yes,yes,27.100.36.191,2.dnscrypt-cert.au.d0wn.biz,A7D9:0F8E:9A98:1381:176A:3D25:36DE:E865:8538:9CD8:78BC:C3B5:A146:23F1:C2EF:58D8,pubkey.au.dnscrypt.d0wn.biz
d0wn-at-ns1,D0wn Resolver Austria 01,Server provided by Martin 'd0wn' Albus,Austria,,https://dns.d0wn.biz,1,yes,yes,yes,79.133.33.52,2.dnscrypt-cert.at.d0wn.biz,717E:5DF4:1841:CD4B:D92E:CE16:ECCC:443D:B305:B03D:86E6:69B7:4AC1:FBB6:18D0:2BB4,pubkey.at.dnscrypt.d0wn.biz
d0wn-bg-ns1,D0wn Resolver Bulgaria 01,Server provided by Martin 'd0wn' Albus,Bulgaria,,https://dns.d0wn.biz,1,yes,yes,yes,217.12.203.133,2.dnscrypt-cert.bg.d0wn.biz,423C:D823:B3EA:2015:F027:ECF1:5704:3EB7:764A:D02D:9447:56E6:51FD:D06F:E571:2FCC,pubkey.bg.dnscrypt.d0wn.biz
d0wn-ca-ns1,D0wn Resolver Canada 01,Server provided by Martin 'd0wn' Albus,Canada,,https://dns.d0wn.biz,1,yes,yes,yes,198.50.244.26,2.dnscrypt-cert.ca.d0wn.biz,9DCE:B0A9:9653:C069:8583:AA5C:498C:3A75:8FBB:AEAA:55A8:6D0F:7C50:896C:45F5:F5ED,pubkey.ca.dnscrypt.d0wn.biz
d0wn-ca-ns1-ipv6,D0wn Resolver Canada 01 over IPv6,Server provided by Martin 'd0wn' Albus,Canada,,https://dns.d0wn.biz,1,yes,yes,yes,[2607:5300:60:70a4::83d2:5c21]:443,2.dnscrypt-cert.ca.d0wn.biz,9DCE:B0A9:9653:C069:8583:AA5C:498C:3A75:8FBB:AEAA:55A8:6D0F:7C50:896C:45F5:F5ED,pubkey.ca.dnscrypt.d0wn.biz
d0wn-cy-ns1,D0wn Resolver Cyprus 01,Server provided by Martin 'd0wn' Albus,Cyprus,,https://dns.d0wn.biz,1,yes,yes,yes,213.169.148.11,2.dnscrypt-cert.cy.d0wn.biz,2144:4FE7:59C3:13B9:FABB:FC2A:F975:9F9C:CD9A:2ED7:0978:3A25:7347:4B83:8F86:EA2B,pubkey.cy.dnscrypt.d0wn.biz
d0wn-cz-ns1,D0wn Resolver Czech Republic 01,Server provided by Martin 'd0wn' Albus,Czech Republic,,https://dns.d0wn.biz,1,yes,yes,yes,81.2.237.32,2.dnscrypt-cert.cz.d0wn.biz,EE21:5055:4DA0:1367:BAC3:768A:7C1E:24BF:D777:ACD5:77A4:44F8:BDF3:84E0:5966:D855,pubkey.cz.dnscrypt.d0wn.biz
d0wn-fr-ns2,D0wn Resolver France 02,Server provided by Martin 'd0wn' Albus,France,,https://dns.d0wn.biz,1,yes,yes,yes,37.187.0.40,2.dnscrypt-cert.fr2.d0wn.biz,25A7:DB7B:7835:55D5:7DA4:7C0C:57F8:9C5F:0220:3D09:67E3:585A:723E:E0D1:CB38:F767,pubkey.fr2.dnscrypt.d0wn.biz
d0wn-fr-ns2-ipv6,D0wn Resolver France 02 over IPv6,Server provided by Martin 'd0wn' Albus,France,,https://dns.d0wn.biz,1,yes,yes,yes,[2001:41D0:A:0028::1]:443,2.dnscrypt-cert.fr2.d0wn.biz,25A7:DB7B:7835:55D5:7DA4:7C0C:57F8:9C5F:0220:3D09:67E3:585A:723E:E0D1:CB38:F767,pubkey.fr2.dnscrypt.d0wn.biz
d0wn-de-ns1,D0wn Resolver Germany 01,Server provided by Martin 'd0wn' Albus,Germany,,https://dns.d0wn.biz,1,yes,yes,yes,82.211.31.248,2.dnscrypt-cert.de.d0wn.biz,B040:19F8:8D49:4682:41E3:EB58:5F61:173F:EF8E:55DA:0597:2DB7:27BB:C153:1DD8:D109,pubkey.de.dnscrypt.d0wn.biz
d0wn-de-ns1-ipv6,D0wn Resolver Germany 01 over IPv6,Server provided by Martin 'd0wn' Albus,Germany,,https://dns.d0wn.biz,1,yes,yes,yes,[2001:1608:10:195:3:dead:beef:cafe]:443,2.dnscrypt-cert.de.d0wn.biz,B040:19F8:8D49:4682:41E3:EB58:5F61:173F:EF8E:55DA:0597:2DB7:27BB:C153:1DD8:D109,pubkey.de.dnscrypt.d0wn.biz
d0wn-de-ns2,D0wn Resolver Germany 02,Server provided by Martin 'd0wn' Albus,Germany,,https://dns.d0wn.biz,1,yes,yes,yes,185.137.15.105,2.dnscrypt-cert.de2.d0wn.biz,8C62:691A:A7EA:69D3:8A25:86AA:2715:87F0:9B11:9159:0663:55FC:1CD0:61C5:C863:1940,pubkey.de2.dnscrypt.d0wn.biz
d0wn-gr-ns1,D0wn Resolver Greece 01,Server provided by Martin 'd0wn' Albus,Greece,,https://dns.d0wn.biz,1,yes,yes,yes,85.25.105.193,2.dnscrypt-cert.gr.d0wn.biz,B19C:0B5C:48F2:58FA:0BE4:67F4:5F50:BC7F:985F:C544:8A4F:BC9D:5574:5A35:5701:8009,pubkey.gr.dnscrypt.d0wn.biz
d0wn-hk-ns1,D0wn Resolver Hong Kong 01,Server provided by Martin 'd0wn' Albus,Hong Kong,,https://dns.d0wn.biz,1,yes,yes,yes,45.124.66.200,2.dnscrypt-cert.hk.d0wn.biz,84ED:0DFF:7967:5DBD:2D93:65A2:A6AB:7F90:146F:A50B:048C:8C75:651B:AA55:7129:6740,pubkey.hk.dnscrypt.d0wn.biz
d0wn-hk-ns2,D0wn Resolver Hong Kong 02,Server provided by Martin 'd0wn' Albus,Hong Kong,,https://dns.d0wn.biz,1,yes,yes,yes,103.27.124.66,2.dnscrypt-cert.hk2.d0wn.biz,DFC0:72C1:8066:F9EB:7914:32A9:5516:576E:E79A:2639:79E3:7278:42BE:597F:CB28:2CA5,pubkey.hk2.dnscrypt.d0wn.biz
d0wn-is-ns1,D0wn Resolver Iceland 01,Server provided by Martin 'd0wn' Albus,Iceland,,https://dns.d0wn.biz,1,yes,yes,yes,37.235.49.61,2.dnscrypt-cert.is.d0wn.biz,2B28:974E:073A:6B38:722A:5BE1:F7A0:250C:508F:A809:238F:8F3D:76D8:6098:20D7:B2D9,pubkey.is.dnscrypt.d0wn.biz
d0wn-id-ns1,D0wn Resolver Indonesia 01,Server provided by Martin 'd0wn' Albus,Indonesia,,https://dns.d0wn.biz,1,yes,yes,yes,45.114.118.195,2.dnscrypt-cert.id.d0wn.biz,BE93:B3F1:2A3B:2448:8F33:F91F:9461:5F73:D5CA:56D6:C789:96DE:7A18:D4DE:5182:094D,pubkey.id.dnscrypt.d0wn.biz
d0wn-it-ns1,D0wn Resolver Italy 01,Server provided by Martin 'd0wn' Albus,Italy,,https://dns.d0wn.biz,1,yes,yes,yes,31.14.133.188,2.dnscrypt-cert.it.d0wn.biz,2DEC:CEF8:A4D0:57DE:0D1A:CE8E:0A3C:BEB8:2135:61A8:BF0E:7373:0BA0:EC38:C876:3B50,pubkey.it.dnscrypt.d0wn.biz
d0wn-lv-ns1,D0wn Resolver Latvia 01,Server provided by Martin 'd0wn' Albus,Latvia,,https://dns.d0wn.biz,1,yes,yes,yes,89.111.13.60,2.dnscrypt-cert.lv.d0wn.biz,9AC3:6B4C:7ADB:E7D6:D697:B6BF:151C:151A:B291:8C5D:B912:15F8:B986:5926:33A4:A5E1,pubkey.lv.dnscrypt.d0wn.biz
d0wn-lv-ns2,D0wn Resolver Latvia 02,Server provided by Martin 'd0wn' Albus,Latvia,,https://dns.d0wn.biz,1,yes,yes,yes,185.86.151.28,2.dnscrypt-cert.lv2.d0wn.biz,B111:F80C:E3E0:1C36:CC73:0995:009E:6351:EF08:0503:309D:9417:7AA3:8C67:916D:0CDF,pubkey.lv.dnscrypt.d0wn.biz
d0wn-lv-ns2-ipv6,D0wn Resolver Latvia 01 over IPv6,Server provided by Martin 'd0wn' Albus,Latvia,,https://dns.d0wn.biz,1,yes,yes,yes,[2a02:7aa0:1201::f60e:2719]:443,2.dnscrypt-cert.lv2.d0wn.biz,B111:F80C:E3E0:1C36:CC73:0995:009E:6351:EF08:0503:309D:9417:7AA3:8C67:916D:0CDF,pubkey.lv.dnscrypt.d0wn.biz
d0wn-lt-ns1,D0wn Resolver Lithuania 01,Server provided by Martin 'd0wn' Albus,Lithuania,,https://dns.d0wn.biz,1,yes,yes,yes,194.135.95.138,2.dnscrypt-cert.lt.d0wn.biz,8003:079D:D023:0EEF:6585:DC15:21E3:7481:7C84:03B4:A1C5:F202:BA97:2978:BB46:DB3C,pubkey.lt.dnscrypt.d0wn.biz
d0wn-md-ns1,D0wn Resolver Moldova 01,Server provided by Martin 'd0wn' Albus,Moldova,,https://dns.d0wn.biz,1,yes,yes,yes,178.17.170.67:1053,2.dnscrypt-cert.md.d0wn.biz,3DB2:C4CB:39E2:6B82:FDDF:6D91:1A65:D164:F4F0:D237:8CDD:0C37:469F:24BA:B9A0:F9FF,pubkey.md.dnscrypt.d0wn.biz
d0wn-md-ns1-ipv6,D0wn Resolver Moldova 01 over IPv6,Server provided by Martin 'd0wn' Albus,Moldova,,https://dns.d0wn.biz,1,yes,yes,yes,[2a00:1dc0:cafe::ad86:fa7e]:1053,2.dnscrypt-cert.md.d0wn.biz,3DB2:C4CB:39E2:6B82:FDDF:6D91:1A65:D164:F4F0:D237:8CDD:0C37:469F:24BA:B9A0:F9FF,pubkey.md.dnscrypt.d0wn.biz
d0wn-random-ns1,D0wn Resolver Moldova Random 01,Server provided by Martin 'd0wn' Albus,Moldova,,https://dns.d0wn.biz,1,yes,yes,yes,178.17.170.133,2.dnscrypt-cert.random.d0wn.biz,A420:867F:ED5C:024C:C86A:EECE:AA05:194B:017F:D2FF:9E72:385A:874F:8CE5:6832:ED2E,pubkey.random.dnscrypt.d0wn.biz
d0wn-random-ns1-ipv6,D0wn Resolver Moldova Random 01 over IPv6,Server provided by Martin 'd0wn' Albus,Moldova,,https://dns.d0wn.biz,1,yes,yes,yes,[2a00:1dc0:cafe::c6af:c19d]:443,2.dnscrypt-cert.random.d0wn.biz,A420:867F:ED5C:024C:C86A:EECE:AA05:194B:017F:D2FF:9E72:385A:874F:8CE5:6832:ED2E,pubkey.random.dnscrypt.d0wn.biz
d0wn-nl-ns1,D0wn Resolver Netherlands 01,Server provided by Martin 'd0wn' Albus,Netherlands,,https://dns.d0wn.biz,1,yes,yes,yes,95.85.9.86:1053,2.dnscrypt-cert.nl.d0wn.biz,7BE6:68FE:A505:FFA7:4C27:C2CA:F881:59DA:038C:5741:13AA:2556:A4D2:2D0B:B6F0:009E,pubkey.nl.dnscrypt.d0wn.biz
d0wn-nl-ns1-ipv6,D0wn Resolver Netherlands 01 over IPv6,Server provided by Martin 'd0wn' Albus,Netherlands,,https://dns.d0wn.biz,1,yes,yes,yes,[2a03:b0c0:0:1010::62:f001]:1053,2.dnscrypt-cert.nl.d0wn.biz,7BE6:68FE:A505:FFA7:4C27:C2CA:F881:59DA:038C:5741:13AA:2556:A4D2:2D0B:B6F0:009E,pubkey.nl.dnscrypt.d0wn.biz
d0wn-nl-ns2-ipv6,D0wn Resolver Netherlands 02 over IPv6,Server provided by Martin 'd0wn' Albus,Netherlands,,https://dns.d0wn.biz,1,yes,yes,yes,[2a02:2ca0:64:22::2]:1053,2.dnscrypt-cert.nl2.d0wn.biz,DFAA:B7D8:29E6:1F34:4FED:2610:4221:70C9:ADC7:7E9F:A65F:4A46:0BAE:A735:3186:3B99,pubkey.nl2.dnscrypt.d0wn.biz
d0wn-nl-ns3,D0wn Resolver Netherlands 03,Server provided by Martin 'd0wn' Albus,Netherlands,,https://dns.d0wn.biz,1,yes,yes,yes,185.133.72.116,2.dnscrypt-cert.nl3.d0wn.biz,01FC:1AA9:F71F:F09E:55CE:0D04:9ACA:2B11:9536:319E:04A9:C3AE:77CB:127D:4C53:0651,pubkey.nl3.dnscrypt.d0wn.biz
d0wn-nl-ns3-ipv6,D0wn Resolver Netherlands 03 over IPv6,Server provided by Martin 'd0wn' Albus,Netherlands,,https://dns.d0wn.biz,1,yes,yes,yes,[2a06:7240:5:601:dead:beef:e3e7:7a9d]:443,2.dnscrypt-cert.nl3.d0wn.biz,01FC:1AA9:F71F:F09E:55CE:0D04:9ACA:2B11:9536:319E:04A9:C3AE:77CB:127D:4C53:0651,pubkey.nl3.dnscrypt.d0wn.biz
d0wn-random-ns2,D0wn Resolver Netherlands Random 02,Server provided by Martin 'd0wn' Albus,Netherlands,,https://dns.d0wn.biz,1,yes,yes,yes,185.14.29.140,2.dnscrypt-cert.random2.d0wn.biz,7D73:F486:3C01:4CC9:B278:D107:F254:7A4F:1EA2:1081:07B0:CB82:645A:D8A4:B98A:B327,pubkey.random2.dnscrypt.d0wn.biz
d0wn-random-ns2-ipv6,D0wn Resolver Netherlands Random 02 over IPv6,Server provided by Martin 'd0wn' Albus,Netherlands,,https://dns.d0wn.biz,1,yes,yes,yes,[2a00:1ca8:a7::1e9]:443,2.dnscrypt-cert.random2.d0wn.biz,7D73:F486:3C01:4CC9:B278:D107:F254:7A4F:1EA2:1081:07B0:CB82:645A:D8A4:B98A:B327,pubkey.random2.dnscrypt.d0wn.biz
d0wn-ro-ns1,D0wn Resolver Romania 01,Server provided by Martin 'd0wn' Albus,Romania,,https://dns.d0wn.biz,1,yes,yes,yes,77.81.104.121,2.dnscrypt-cert.ro.d0wn.biz,DA9E:6882:B0F8:335E:B5F4:A059:1B7D:EE6F:BD55:4451:93B4:13BF:AFFC:7D26:4527:CE1A,pubkey.ro.dnscrypt.d0wn.biz
d0wn-ro-ns1-ipv6,D0wn Resolver Romania 01 over IPv6,Server provided by Martin 'd0wn' Albus,Romania,,https://dns.d0wn.biz,1,yes,yes,yes,[2a04:9dc0:c1:7::cb9:f785]:443,2.dnscrypt-cert.ro.d0wn.biz,DA9E:6882:B0F8:335E:B5F4:A059:1B7D:EE6F:BD55:4451:93B4:13BF:AFFC:7D26:4527:CE1A,pubkey.ro.dnscrypt.d0wn.biz
d0wn-ru-ns1,D0wn Resolver Russia 01,Server provided by Martin 'd0wn' Albus,Russia,,https://dns.d0wn.biz,1,yes,yes,yes,91.214.71.181,2.dnscrypt-cert.ru.d0wn.biz,0ECA:BC40:E0A1:335F:0221:4240:AB86:2919:D16A:2393:CCEB:4B40:9EB9:4F24:3077:ED99,pubkey.ru.dnscrypt.d0wn.biz
d0wn-sg-ns1,D0wn Resolver Singapore 01,Server provided by Martin 'd0wn' Albus,Singapore,,https://dns.d0wn.biz,1,yes,yes,yes,128.199.248.105,2.dnscrypt-cert.sg.d0wn.biz,D82B:2B76:1DA0:8470:B55B:820C:FAAB:9F32:D632:E9E0:5616:2CE7:7D21:E970:98FF:4A34,pubkey.sg.dnscrypt.d0wn.biz
d0wn-sg-ns1-ipv6,D0wn Resolver Singapore 01 over IPv6,Server provided by Martin 'd0wn' Albus,Singapore,,https://dns.d0wn.biz,1,yes,yes,yes,[2400:6180:0:d0::38:d001]:443,2.dnscrypt-cert.sg.d0wn.biz,D82B:2B76:1DA0:8470:B55B:820C:FAAB:9F32:D632:E9E0:5616:2CE7:7D21:E970:98FF:4A34,pubkey.sg.dnscrypt.d0wn.biz
d0wn-sg-ns2,D0wn Resolver Singapore 02,Server provided by Martin 'd0wn' Albus,Singapore,,https://dns.d0wn.biz,1,yes,yes,yes,210.16.120.139,2.dnscrypt-cert.sg2.d0wn.biz,0F00:63C4:6EAF:29C3:29CD:E125:2033:6F0A:0C72:7CDD:F1F4:3D47:F95D:02BC:07F7:9FFC,pubkey.sg2.dnscrypt.d0wn.biz
d0wn-sg-ns2-ipv6,D0wn Resolver Singapore 02 over IPv6,Server provided by Martin 'd0wn' Albus,Singapore,,https://dns.d0wn.biz,1,yes,yes,yes,[2403:5680::1:200f]:443,2.dnscrypt-cert.sg2.d0wn.biz,0F00:63C4:6EAF:29C3:29CD:E125:2033:6F0A:0C72:7CDD:F1F4:3D47:F95D:02BC:07F7:9FFC,pubkey.sg2.dnscrypt.d0wn.biz
d0wn-kr-ns1,D0wn Resolver South Korea 01,Server provided by Martin 'd0wn' Albus,South Korea,,https://dns.d0wn.biz,1,yes,yes,yes,103.214.68.250,2.dnscrypt-cert.kr.d0wn.biz,C30E:56F8:E00C:87CC:4B2E:2435:FAC1:2700:E4C3:B357:FF5C:8264:B157:6FCC:E60B:4657,pubkey.kr.dnscrypt.d0wn.biz
d0wn-es-ns1,D0wn Resolver Spain 01,Server provided by Martin 'd0wn' Albus,Spain,,https://dns.d0wn.biz,1,yes,yes,yes,91.142.220.29,2.dnscrypt-cert.es.d0wn.biz,EB09:E854:AEDA:9705:CB47:ED69:EADD:4156:3653:82C5:C88D:A2E3:6917:3B54:4774:7505,pubkey.es.dnscrypt.d0wn.biz
d0wn-se-ns1,D0wn Resolver Sweden 01,Server provided by Martin 'd0wn' Albus,Sweden,,https://dns.d0wn.biz,1,yes,yes,yes,95.215.44.124,2.dnscrypt-cert.se.d0wn.biz,9D4F:762B:DD24:F77A:64B4:7E0F:F5C6:93FD:A02A:39E9:8FEC:0CEE:F252:3A5F:A403:C032,pubkey.se.dnscrypt.d0wn.biz
d0wn-se-ns1-ipv6,D0wn Resolver Sweden 01 over IPv6,Server provided by Martin 'd0wn' Albus,Sweden,,https://dns.d0wn.biz,1,yes,yes,yes,[2a02:7aa0:1619::4f50:a69]:443,2.dnscrypt-cert.se.d0wn.biz,9D4F:762B:DD24:F77A:64B4:7E0F:F5C6:93FD:A02A:39E9:8FEC:0CEE:F252:3A5F:A403:C032,pubkey.se.dnscrypt.d0wn.biz
d0wn-ch-ns1,D0wn Resolver Switzerland 01,Server provided by Martin 'd0wn' Albus,Switzerland,,https://dns.d0wn.biz,1,yes,yes,yes,185.128.42.123,2.dnscrypt-cert.ch.d0wn.biz,A810:2ED9:8524:1D30:6B0F:1491:09FB:C47B:0D3E:6C73:28AC:7BF8:F173:9977:5D2C:61B8,pubkey.ch.dnscrypt.d0wn.biz
d0wn-ch-ns1-ipv6,D0wn Resolver Switzerland 01 over IPv6,Server provided by Martin 'd0wn' Albus,Switzerland,,https://dns.d0wn.biz,1,yes,yes,yes,[2404:2880:259::5425:abfd]:443,2.dnscrypt-cert.ch.d0wn.biz,A810:2ED9:8524:1D30:6B0F:1491:09FB:C47B:0D3E:6C73:28AC:7BF8:F173:9977:5D2C:61B8,pubkey.ch.dnscrypt.d0wn.biz
d0wn-tz-ns1,D0wn Resolver Tanzania 01,Server provided by Martin 'd0wn' Albus,Tanzania,,https://dns.d0wn.biz,1,yes,yes,yes,41.79.69.13,2.dnscrypt-cert.tz.d0wn.biz,D606:15FB:D145:3BA1:4E76:8A3E:5C5C:B3AC:1746:1331:463D:A0AF:8CF7:DF04:DA4D:756D,pubkey.tz.dnscrypt.d0wn.biz
d0wn-tz-ns1-ipv6,D0wn Resolver Tanzania 01 over IPv6,Server provided by Martin 'd0wn' Albus,Tanzania,,https://dns.d0wn.biz,1,yes,yes,yes,[2c0f:fda8:5::2ed1:d2ec]:443,2.dnscrypt-cert.tz.d0wn.biz,D606:15FB:D145:3BA1:4E76:8A3E:5C5C:B3AC:1746:1331:463D:A0AF:8CF7:DF04:DA4D:756D,pubkey.tz.dnscrypt.d0wn.biz
d0wn-uk-ns1,D0wn Resolver United Kingdom 01,Server provided by Martin 'd0wn' Albus,United Kingdom,,https://dns.d0wn.biz,1,yes,yes,yes,185.121.25.85,2.dnscrypt-cert.uk.d0wn.biz,FADB:BE63:7FCD:FE22:0DBE:D433:438C:5A1D:C267:1E96:4B67:1918:B15F:9121:77D7:5B2E,pubkey.uk.dnscrypt.d0wn.biz
d0wn-uk-ns1-ipv6,D0wn Resolver United Kingdom 01 over IPv6,Server provided by Martin 'd0wn' Albus,United Kingdom,,https://dns.d0wn.biz,1,yes,yes,yes,[2a04:92c7:7:7::14ae:460a]:443,2.dnscrypt-cert.uk.d0wn.biz,FADB:BE63:7FCD:FE22:0DBE:D433:438C:5A1D:C267:1E96:4B67:1918:B15F:9121:77D7:5B2E,pubkey.uk.dnscrypt.d0wn.biz
d0wn-us-ns1,D0wn Resolver United States of America 01,Server provided by Martin 'd0wn' Albus,United States of America,,https://dns.d0wn.biz,1,yes,yes,yes,107.181.187.219,2.dnscrypt-cert.us.d0wn.biz,04BB:6100:7CFF:C72B:AF91:8942:F9DC:12A9:61A1:C6F2:177F:7CF9:F3C9:1B43:9FBE:6B80,pubkey.us.dnscrypt.d0wn.biz
d0wn-us-ns2,D0wn Resolver United States of America 02,Server provided by Martin 'd0wn' Albus,United States of America,,https://dns.d0wn.biz,1,yes,yes,yes,192.252.222.24,2.dnscrypt-cert.us2.d0wn.biz,729B:FABE:2295:D469:E911:F97E:3EE4:F6DB:0190:EA6F:7CF3:F7EE:BB6B:99B1:698A:237D,pubkey.us2.dnscrypt.d0wn.biz
dnscrypt.eu-dk,DNSCrypt.eu Denmark,"Free, non-logged, uncensored. Hosted by Netgroup.",Denmark,,https://dnscrypt.eu,1,yes,yes,no,77.66.84.233,2.dnscrypt-cert.resolver2.dnscrypt.eu,3748:5585:E3B9:D088:FD25:AD36:B037:01F5:520C:D648:9E9A:DD52:1457:4955:9F0A:9955,pubkey.resolver2.dnscrypt.eu
dnscrypt.eu-dk-ipv6,DNSCrypt.eu Denmark over IPv6,"Free, non-logged, uncensored. Hosted by Netgroup.",Denmark,,https://dnscrypt.eu,1,yes,yes,no,[2001:1448:243::dc2]:443,2.dnscrypt-cert.resolver2.dnscrypt.eu,3748:5585:E3B9:D088:FD25:AD36:B037:01F5:520C:D648:9E9A:DD52:1457:4955:9F0A:9955,pubkey.resolver2.dnscrypt.eu
dnscrypt.eu-nl,DNSCrypt.eu Holland,"Free, non-logged, uncensored. Hosted by RamNode.",Netherlands,,https://dnscrypt.eu,1,yes,yes,no,176.56.237.171,2.dnscrypt-cert.resolver1.dnscrypt.eu,67C0:0F2C:21C5:5481:45DD:7CB4:6A27:1AF2:EB96:9931:40A3:09B6:2B8D:1653:1185:9C66,pubkey.resolver1.dnscrypt.eu
dnscrypt.eu-nl-ipv6,DNSCrypt.eu Holland over IPv6,"Free, non-logged, uncensored. Hosted by RamNode.",Netherlands,,https://dnscrypt.eu,1,yes,yes,no,[2a00:d880:3:1::a6c1:2e89]:443,2.dnscrypt-cert.resolver1.dnscrypt.eu,67C0:0F2C:21C5:5481:45DD:7CB4:6A27:1AF2:EB96:9931:40A3:09B6:2B8D:1653:1185:9C66,pubkey.resolver1.dnscrypt.eu
dnscrypt.org-fr,DNSCrypt.org France,DNSSEC/Non-logged/Uncensored - ARM server donated by Scaleway.com,"Paris, France",,https://fr.dnscrypt.org,2,yes,yes,no,212.47.228.136,2.dnscrypt-cert.fr.dnscrypt.org,E801:B84E:A606:BFB0:BAC0:CE43:445B:B15E:BA64:B02F:A3C4:AA31:AE10:636A:0790:324D,pubkey.fr.dnscrypt.org
dyne.org,Dyne.org Server,Public DNSCrypt server provided by Dyne.org,"New York, US",,https://www.dyne.org,1,no,yes,no,198.199.70.248:5553,2.dnscrypt-cert.dyne.org,162F:051A:BACA:A042:A0C9:7769:91B4:BBA8:FE10:8F72:53CB:5077:A055:9BCF:AD39:73C5,
fvz-anyone,Primary OpenNIC Anycast DNS Resolver,Fusl's public primary OpenNIC Tier2 Anycast DNS Resolver,Anycast,,http://dnsrec.meo.ws/,1,no,yes,yes,185.121.177.177,2.dnscrypt-cert.dnsrec.meo.ws,1A6A:D0A3:2B4C:5A61:A695:D153:670D:69AB:1690:3F9E:C3F7:F64F:13E5:35A3:18B2:28A5,
fvz-anyone-ipv6,Primary OpenNIC Anycast DNS IPv6 Resolver,Fusl's public primary OpenNIC Tier2 Anycast DNS Resolver,Anycast,,http://dnsrec.meo.ws/,1,no,yes,yes,[2a05:dfc7:5::53]:443,2.dnscrypt-cert.dnsrec.meo.ws,1A6A:D0A3:2B4C:5A61:A695:D153:670D:69AB:1690:3F9E:C3F7:F64F:13E5:35A3:18B2:28A5,
fvz-anytwo,Secondary OpenNIC Anycast DNS Resolver,Fusl's public secondary OpenNIC Tier2 Anycast DNS Resolver,Anycast,,http://dnsrec.meo.ws/,1,no,yes,yes,185.121.177.53,2.dnscrypt-cert.dnsrec.meo.ws,1A6A:D0A3:2B4C:5A61:A695:D153:670D:69AB:1690:3F9E:C3F7:F64F:13E5:35A3:18B2:28A5,
fvz-anytwo-ipv6,Secondary OpenNIC Anycast DNS IPv6 Resolver,Fusl's public secondary OpenNIC Tier2 Anycast DNS Resolver,Anycast,,http://dnsrec.meo.ws/,1,no,yes,yes,[2a05:dfc7:5::5353]:443,2.dnscrypt-cert.dnsrec.meo.ws,1A6A:D0A3:2B4C:5A61:A695:D153:670D:69AB:1690:3F9E:C3F7:F64F:13E5:35A3:18B2:28A5,
ifreenet,ifreenet.online,Public DNSCrypt server by ifreenet.online,Anycast,,https://ifreenet.online,1,yes,yes,no,162.243.244.40:443,2.dnscrypt-cert.ifreenet.online,E05F:2DD4:BBF1:7518:D809:B18F:0903:7E95:AD79:608E:C447:85DB:A85D:0C48:65B9:BD75,pubkey.ifreenet.online
ipredator,Ipredator.se Server,Public DNSCrypt server in Sweden provided by Ipredator.se,Sweden,,https://www.ipredator.se,1,yes,yes,no,194.132.32.32,2.dnscrypt-cert.ipredator.se,C44C:566A:A8D6:46C4:32B1:04F5:3D00:961B:32DC:71CF:1C04:BD9E:B013:E480:E7A4:7828,pubkey.resolver2.ipredator.se
ns0.dnscrypt.is,"ns0.dnscrypt.is in Reykjavík, Iceland","DNSSEC enabled, non-logging, uncensored. Sponsored by 1984 Hosting.","Reykjavík, Iceland",,https://dnscrypt.is,1,yes,yes,no,93.95.228.87,2.dnscrypt-cert.ns0.dnscrypt.is,EE41:6A83:451C:218F:37B2:B736:78C4:999F:7DE6:89D1:31D2:7866:7C8E:A8BB:1C95:B402,pubkey.ns0.dnscrypt.is
okturtles,okTurtles,For a surveillance-free world. HTTPS is broken. DNSChain fixes it.,"Georgia, US","33.032501, -83.895699",http://okturtles.com/,1,no,yes,yes,23.226.227.93,2.dnscrypt-cert.okturtles.com,1D85:3953:E34F:AFD0:05F9:4C6F:D1CC:E635:D411:9904:0D48:D19A:5D35:0B6A:7C81:73CB,
opennic-tumabox,TumaBox,Public DNS server operated by TumaBox.org,Germany,,http://wiki.tumabox.org/doku.php?id=dns,1,no,yes,yes,130.255.73.90:5353,2.tumabox.org,D591:7B11:6A35:3114:C238:AA99:A6EB:0C28:7CF7:6805:41AC:5DBF:A8A0:239E:228C:5B06,
opennic-tumabox-ipv6,TumaBox over IPv6,Public DNS server operated by TumaBox.org,Germany,,http://wiki.tumabox.org/doku.php?id=dns,1,no,yes,yes,[2a02:e00:fffd:139::9]:5353,2.tumabox.org,D591:7B11:6A35:3114:C238:AA99:A6EB:0C28:7CF7:6805:41AC:5DBF:A8A0:239E:228C:5B06,
ovpnse,OVPN.se Integritet AB,Public DNS server in Sweden by OVPN.se,Sweden,"59.2877011, 18.0771273",https://www.ovpn.se,1,no,yes,no,46.227.67.134:55,2.dnscrypt-cert.dnscrypt01.ovpn.se,B0D6:3658:E23F:5AE1:495C:03C2:319D:D6F1:F2E1:E067:BD23:6F56:503F:27A8:C5D9:2390,
ventricle.us,Anatomical DNS,Public DNSCrypt resolver provided by Jacob Henner,"New York, NY",,https://jacobhenner.com,1,yes,yes,no,107.170.57.34,2.dnscrypt-cert.dnscrypt.ventricle.us,E985:F118:AD4E:3CC6:5FF2:2520:1890:C6F5:58B7:5B5A:52F5:6B17:CFEA:C100:5C8B:9BAA,pubkey.dnscrypt.ventricle.us
yandex,Yandex,Yandex public DNS server,Anycast,,https://www.yandex.com,1,no,no,no,77.88.8.78:15353,2.dnscrypt-cert.browser.yandex.net,D384:C071:C9F7:4662:AF2A:CCD5:7B5D:CC97:14D4:07B6:AD36:01E1:AEDC:06D5:6D49:6327,
>>>>>>> origin/tomato-shibby-RT-AC
